"id","video","zona","num_periodo","minuto_inicio","minuto_final","acf_max","acf_promedio","lag_acf_max","spearman_max","lag_spearman_max"
1,"Vid9Inv","piernas",2,5,10,0.777817493921979,0.0839720082899033,0.17,0.703893307329991,0.03
3,"Vid23","cabeza",2,5,10,0.671475211325138,0.159058271919661,-0.07,0.598095076402943,-0.17
6,"Vid23","cabeza",6,25,30,0.513377304293572,0.219159029205573,0,0.706998982477618,0.2
7,"Vid23","cabeza",7,30,35,0.559510980409049,0.252170899608148,0.03,0.751083232520089,0.13
8,"Vid26","cabeza",1,0,5,0.572439965105063,0.234800140020023,-3.43,0.690054195004813,-4.73
9,"Vid26","torso",1,0,5,0.375157606322023,0.211407564990178,-3.3,0.786339116205373,-5
